# ************************************************************
# Sequel Pro SQL dump
# Version 4541
#
# http://www.sequelpro.com/
# https://github.com/sequelpro/sequelpro
#
# Host: 127.0.0.1 (MySQL 5.7.16)
# Database: ssm
# Generation Time: 2018-04-08 09:39:50 +0000
# ************************************************************


/*!40101 SET @OLD_CHARACTER_SET_CLIENT=@@CHARACTER_SET_CLIENT */;
/*!40101 SET @OLD_CHARACTER_SET_RESULTS=@@CHARACTER_SET_RESULTS */;
/*!40101 SET @OLD_COLLATION_CONNECTION=@@COLLATION_CONNECTION */;
/*!40101 SET NAMES utf8 */;
/*!40014 SET @OLD_FOREIGN_KEY_CHECKS=@@FOREIGN_KEY_CHECKS, FOREIGN_KEY_CHECKS=0 */;
/*!40101 SET @OLD_SQL_MODE=@@SQL_MODE, SQL_MODE='NO_AUTO_VALUE_ON_ZERO' */;
/*!40111 SET @OLD_SQL_NOTES=@@SQL_NOTES, SQL_NOTES=0 */;


# Dump of table content
# ------------------------------------------------------------

DROP TABLE IF EXISTS `content`;

CREATE TABLE `content` (
  `contentId` int(50) NOT NULL AUTO_INCREMENT,
  `contentName` varchar(50) DEFAULT NULL COMMENT '发送者',
  `content` varchar(1000) DEFAULT NULL COMMENT '聊天内容',
  `createDate` varchar(100) DEFAULT NULL COMMENT '创建时间',
  PRIMARY KEY (`contentId`)
) ENGINE=InnoDB DEFAULT CHARSET=utf8;

LOCK TABLES `content` WRITE;
/*!40000 ALTER TABLE `content` DISABLE KEYS */;

INSERT INTO `content` (`contentId`, `contentName`, `content`, `createDate`)
VALUES
	(2,NULL,'<p>9090<br/></p>','2016-08-28 21:03:28'),
	(7,'你好','hah','都会死'),
	(9,NULL,'<p>说的是都是<br/></p>','2016-08-28 21:29:28'),
	(10,NULL,'哈哈你说的是呢<br/>','2016-08-28 21:30:28'),
	(11,NULL,'<p>你说什么呢<br/></p>','2016-08-28 23:53:28'),
	(12,NULL,'<p>你好啊<img src=\"http://img.baidu.com/hi/jx2/j_0026.gif\"/><br/></p>','2016-08-29 00:28:29'),
	(13,NULL,'<p>nihao啊</p>','2016-08-29 00:31:29'),
	(14,NULL,'说的','2016-08-29 00:33:29'),
	(15,NULL,'哈哈哈哈<br/>','2016-08-29 00:33:29'),
	(16,NULL,'你在干甚呢<br/>','2016-08-29 00:33:29'),
	(17,NULL,'<p>搞好久</p>','2016-08-29 01:00:29'),
	(18,NULL,'<p>8989<br/></p>','2016-08-29 01:00:29'),
	(19,NULL,'9899','2016-08-29 01:01:29'),
	(20,NULL,'家哈哈哈','2016-08-29 01:01:29'),
	(21,NULL,'<p>说的是<br/></p>','2016-08-29 01:02:29'),
	(22,NULL,'<p>哈哈</p>','2016-08-29 01:02:29'),
	(23,NULL,'<p>你说什么<br/></p>','2016-08-29 01:02:29'),
	(24,NULL,'909','2016-08-29 01:03:29'),
	(25,NULL,'<p>你好<br/></p>','2016-08-29 01:06:29'),
	(26,NULL,'你在干嘛呢<br/>','2016-08-29 01:06:29'),
	(27,NULL,'<p>积极</p>','2016-08-29 01:06:29'),
	(28,NULL,'7878','2016-08-29 01:06:29'),
	(29,'1','你好','2016-09-23'),
	(30,'1','你好','2016-09-23'),
	(31,'1','你好','2016-09-23'),
	(32,NULL,'asdsf','2016-12-09'),
	(33,'1','你好','2016-09-23'),
	(34,NULL,'asdsf','2016-12-09'),
	(35,'1','你好','2016-09-23'),
	(36,NULL,'asdsf','2016-12-09'),
	(37,'1','你好','2016-09-23'),
	(38,NULL,'asdsf','2016-12-09'),
	(39,'1','你好','2016-09-23'),
	(40,NULL,'asdsf','2016-12-09'),
	(41,'1','你好','2016-09-23'),
	(42,NULL,'asdsf','2016-12-09'),
	(43,'1','你好','2016-09-23'),
	(44,NULL,'asdsf','2016-12-09'),
	(45,'1','你好','2016-09-23'),
	(46,NULL,'asdsf','2016-12-09'),
	(47,'1','你好','2016-09-23'),
	(48,NULL,'asdsf','2016-12-09'),
	(49,'1','你好','2016-09-23'),
	(50,NULL,'asdsf','2016-12-09'),
	(51,'1','你好','2016-09-23'),
	(52,NULL,'asdsf','2016-12-09'),
	(53,'1','你好','2016-09-23'),
	(54,NULL,'asdsf','2016-12-09'),
	(55,'1','你好','2016-09-23'),
	(56,NULL,'asdsf','2016-12-09'),
	(57,'1','你好','2016-09-23'),
	(58,NULL,'asdsf','2016-12-09'),
	(59,'1','你好','2016-09-23'),
	(60,NULL,'asdsf','2016-12-09'),
	(61,'1','你好','2016-09-23'),
	(62,NULL,'asdsf','2016-12-09'),
	(63,'1','你好','2016-09-23'),
	(64,NULL,'asdsf','2016-12-09'),
	(65,'1','你好','2016-09-23'),
	(66,NULL,'asdsf','2016-12-09'),
	(67,'1','你好','2016-09-23'),
	(68,NULL,'asdsf','2016-12-09'),
	(69,'1','你好','2016-09-23'),
	(70,NULL,'asdsf','2016-12-09'),
	(71,'1','你好','2016-09-23'),
	(72,NULL,'asdsf','2016-12-09'),
	(73,'1','你好','2016-09-23'),
	(74,NULL,'asdsf','2016-12-09'),
	(75,'1','你好','2016-09-23'),
	(76,NULL,'asdsf','2016-12-09'),
	(77,'1','你好','2016-09-23'),
	(78,NULL,'asdsf','2016-12-09'),
	(79,'1','你好','2016-09-23'),
	(80,NULL,'asdsf','2016-12-09'),
	(81,'1','你好','2016-09-23'),
	(82,NULL,'asdsf','2016-12-09'),
	(83,'1','你好','2016-09-23'),
	(84,NULL,'asdsf','2016-12-09'),
	(85,'1','你好','2016-09-23'),
	(86,NULL,'asdsf','2016-12-09'),
	(87,'1','你好','2016-09-23'),
	(88,NULL,'asdsf','2016-12-09'),
	(89,'1','你好','2016-09-23'),
	(90,NULL,'asdsf','2016-12-09'),
	(91,'1','你好','2016-09-23'),
	(92,NULL,'asdsf','2016-12-09'),
	(93,'1','你好','2016-09-23'),
	(94,NULL,'asdsf','2016-12-09'),
	(95,'1','你好','2016-09-23'),
	(96,NULL,'asdsf','2016-12-09');

/*!40000 ALTER TABLE `content` ENABLE KEYS */;
UNLOCK TABLES;


# Dump of table content_log
# ------------------------------------------------------------

DROP TABLE IF EXISTS `content_log`;

CREATE TABLE `content_log` (
  `log_id` int(11) NOT NULL AUTO_INCREMENT,
  `contentId` int(50) NOT NULL DEFAULT '0' COMMENT 'contentId',
  `contentName` varchar(50) DEFAULT NULL COMMENT '发送者',
  `content` varchar(1000) DEFAULT NULL COMMENT '聊天内容',
  `createDate` varchar(100) DEFAULT NULL COMMENT '创建时间',
  PRIMARY KEY (`log_id`)
) ENGINE=InnoDB DEFAULT CHARSET=utf8;

LOCK TABLES `content_log` WRITE;
/*!40000 ALTER TABLE `content_log` DISABLE KEYS */;

INSERT INTO `content_log` (`log_id`, `contentId`, `contentName`, `content`, `createDate`)
VALUES
	(22,0,NULL,'asdsf','2016-12-09'),
	(23,0,'1','你好','2016-09-23'),
	(24,0,'1','你好','2016-09-23'),
	(25,0,NULL,'asdsf','2016-12-09'),
	(26,0,'1','你好','2016-09-23'),
	(27,0,NULL,'asdsf','2016-12-09'),
	(28,0,'1','你好','2016-09-23'),
	(29,0,NULL,'asdsf','2016-12-09'),
	(30,0,'1','你好','2016-09-23'),
	(31,0,NULL,'asdsf','2016-12-09'),
	(32,0,'1','你好','2016-09-23'),
	(33,0,NULL,'asdsf','2016-12-09'),
	(34,0,'1','你好','2016-09-23'),
	(35,0,NULL,'asdsf','2016-12-09'),
	(36,0,'1','你好','2016-09-23'),
	(37,0,NULL,'asdsf','2016-12-09'),
	(38,0,'1','你好','2016-09-23'),
	(39,0,NULL,'asdsf','2016-12-09'),
	(40,0,'1','你好','2016-09-23'),
	(41,0,NULL,'asdsf','2016-12-09'),
	(42,0,'1','你好','2016-09-23'),
	(43,0,NULL,'asdsf','2016-12-09'),
	(44,0,'1','你好','2016-09-23'),
	(45,0,NULL,'asdsf','2016-12-09'),
	(46,0,'1','你好','2016-09-23'),
	(47,0,NULL,'asdsf','2016-12-09'),
	(48,0,'1','你好','2016-09-23'),
	(49,0,NULL,'asdsf','2016-12-09'),
	(50,0,'1','你好','2016-09-23'),
	(51,0,NULL,'asdsf','2016-12-09'),
	(52,0,'1','你好','2016-09-23'),
	(53,0,NULL,'asdsf','2016-12-09'),
	(54,0,'1','你好','2016-09-23'),
	(55,0,NULL,'asdsf','2016-12-09'),
	(56,0,'1','你好','2016-09-23'),
	(57,0,NULL,'asdsf','2016-12-09'),
	(58,0,'1','你好','2016-09-23'),
	(59,0,NULL,'asdsf','2016-12-09'),
	(60,0,'1','你好','2016-09-23'),
	(61,0,NULL,'asdsf','2016-12-09'),
	(62,0,'1','你好','2016-09-23'),
	(63,0,NULL,'asdsf','2016-12-09'),
	(64,0,'1','你好','2016-09-23'),
	(65,0,NULL,'asdsf','2016-12-09'),
	(66,0,'1','你好','2016-09-23'),
	(67,0,NULL,'asdsf','2016-12-09'),
	(68,0,'1','你好','2016-09-23'),
	(69,0,NULL,'asdsf','2016-12-09'),
	(70,0,'1','你好','2016-09-23'),
	(71,0,NULL,'asdsf','2016-12-09'),
	(72,0,'1','你好','2016-09-23'),
	(73,0,NULL,'asdsf','2016-12-09'),
	(74,0,'1','你好','2016-09-23'),
	(75,0,NULL,'asdsf','2016-12-09'),
	(76,0,'1','你好','2016-09-23'),
	(77,0,NULL,'asdsf','2016-12-09'),
	(78,0,'1','你好','2016-09-23'),
	(79,0,NULL,'asdsf','2016-12-09'),
	(80,0,'1','你好','2016-09-23'),
	(81,0,NULL,'asdsf','2016-12-09'),
	(82,0,'1','你好','2016-09-23'),
	(83,0,NULL,'asdsf','2016-12-09'),
	(84,0,'1','你好','2016-09-23'),
	(85,0,NULL,'asdsf','2016-12-09'),
	(86,0,'1','你好','2016-09-23'),
	(87,0,NULL,'asdsf','2016-12-09'),
	(88,0,'1','你好','2016-09-23'),
	(89,0,NULL,'asdsf','2016-12-09');

/*!40000 ALTER TABLE `content_log` ENABLE KEYS */;
UNLOCK TABLES;


# Dump of table price
# ------------------------------------------------------------

DROP TABLE IF EXISTS `price`;

CREATE TABLE `price` (
  `id` int(11) NOT NULL AUTO_INCREMENT COMMENT '主键',
  `total` decimal(12,2) DEFAULT '0.00' COMMENT '总值',
  `front` decimal(12,2) DEFAULT '0.00' COMMENT '消费前',
  `end` decimal(12,2) DEFAULT '0.00' COMMENT '消费后',
  PRIMARY KEY (`id`)
) ENGINE=InnoDB DEFAULT CHARSET=utf8;

LOCK TABLES `price` WRITE;
/*!40000 ALTER TABLE `price` DISABLE KEYS */;

INSERT INTO `price` (`id`, `total`, `front`, `end`)
VALUES
	(1,100.00,-1050.00,1150.00),
	(1278,100.00,-1010.00,1110.00),
	(1279,100.00,-1010.00,1110.00),
	(1280,100.00,-1010.00,1110.00),
	(1281,100.00,-1010.00,1110.00),
	(1282,100.00,-1010.00,1110.00),
	(1283,100.00,-1020.00,1120.00),
	(1284,100.00,-1020.00,1120.00),
	(1285,100.00,-1020.00,1120.00),
	(1286,100.00,-1020.00,1120.00),
	(1287,100.00,-1020.00,1120.00),
	(1288,100.00,-1030.00,1130.00),
	(1289,100.00,-1030.00,1130.00),
	(1290,100.00,-1030.00,1130.00),
	(1291,100.00,-1030.00,1130.00),
	(1292,100.00,-1030.00,1130.00),
	(1293,100.00,-1040.00,1140.00),
	(1294,100.00,-1040.00,1140.00),
	(1295,100.00,-1040.00,1140.00),
	(1296,100.00,-1050.00,1150.00),
	(1297,100.00,-1050.00,1150.00);

/*!40000 ALTER TABLE `price` ENABLE KEYS */;
UNLOCK TABLES;


# Dump of table price_version
# ------------------------------------------------------------

DROP TABLE IF EXISTS `price_version`;

CREATE TABLE `price_version` (
  `id` int(11) NOT NULL AUTO_INCREMENT COMMENT '主键',
  `total` decimal(12,2) DEFAULT '0.00' COMMENT '总值',
  `front` decimal(12,2) DEFAULT '0.00' COMMENT '消费前',
  `end` decimal(12,2) DEFAULT '0.00' COMMENT '消费后',
  `version` int(11) DEFAULT '0' COMMENT '并发版本控制',
  PRIMARY KEY (`id`)
) ENGINE=InnoDB DEFAULT CHARSET=utf8;

LOCK TABLES `price_version` WRITE;
/*!40000 ALTER TABLE `price_version` DISABLE KEYS */;

INSERT INTO `price_version` (`id`, `total`, `front`, `end`, `version`)
VALUES
	(1,100.00,15.00,20.00,3);

/*!40000 ALTER TABLE `price_version` ENABLE KEYS */;
UNLOCK TABLES;


# Dump of table redisContent
# ------------------------------------------------------------

DROP TABLE IF EXISTS `redisContent`;

CREATE TABLE `redisContent` (
  `id` int(11) NOT NULL AUTO_INCREMENT,
  `content` varchar(255) DEFAULT NULL,
  PRIMARY KEY (`id`)
) ENGINE=InnoDB DEFAULT CHARSET=utf8;

LOCK TABLES `redisContent` WRITE;
/*!40000 ALTER TABLE `redisContent` DISABLE KEYS */;

INSERT INTO `redisContent` (`id`, `content`)
VALUES
	(1,'你说什么哈哈1'),
	(2,'你好啊0'),
	(3,'你好啊1'),
	(4,'你好啊2'),
	(5,'你好啊3'),
	(6,'你好啊4'),
	(7,'你好啊5'),
	(8,'你好啊6'),
	(9,'你好啊7'),
	(10,'你好啊8'),
	(11,'你好啊9'),
	(12,'你好啊10'),
	(13,'你好啊11'),
	(14,'你好啊12'),
	(15,'你好啊13'),
	(16,'你好啊14'),
	(17,'你好啊15'),
	(18,'你好啊16'),
	(19,'你好啊17'),
	(20,'你好啊18'),
	(21,'你好啊19'),
	(22,'你好啊20'),
	(23,'你好啊21'),
	(24,'你好啊22'),
	(25,'你好啊23'),
	(26,'你好啊24'),
	(27,'你好啊25'),
	(28,'你好啊26'),
	(29,'你好啊27'),
	(30,'你好啊28'),
	(31,'你好啊29'),
	(32,'你好啊30'),
	(33,'你好啊31'),
	(34,'你好啊32'),
	(35,'你好啊33'),
	(36,'你好啊34'),
	(37,'你好啊35'),
	(38,'你好啊36'),
	(39,'你好啊37'),
	(40,'你好啊38'),
	(41,'你好啊39'),
	(42,'你好啊40'),
	(43,'你好啊41'),
	(44,'你好啊42'),
	(45,'你好啊43'),
	(46,'你好啊44'),
	(47,'你好啊45'),
	(48,'你好啊46'),
	(49,'你好啊47'),
	(50,'你好啊48'),
	(51,'你好啊49'),
	(52,'你好啊50'),
	(53,'你好啊51'),
	(54,'你好啊52'),
	(55,'你好啊53'),
	(56,'你好啊54'),
	(57,'你好啊55'),
	(58,'你好啊56'),
	(59,'你好啊57'),
	(60,'你好啊58'),
	(61,'你好啊59'),
	(62,'你好啊60'),
	(63,'你好啊61'),
	(64,'你好啊62'),
	(65,'你好啊63'),
	(66,'你好啊64'),
	(67,'你好啊65'),
	(68,'你好啊66'),
	(69,'你好啊67'),
	(70,'你好啊68'),
	(71,'你好啊69'),
	(72,'你好啊70'),
	(73,'你好啊71'),
	(74,'你好啊72'),
	(75,'你好啊73'),
	(76,'你好啊74'),
	(77,'你好啊75'),
	(78,'你好啊76'),
	(79,'你好啊77'),
	(80,'你好啊78'),
	(81,'你好啊79'),
	(82,'你好啊80'),
	(83,'你好啊81'),
	(84,'你好啊82'),
	(85,'你好啊83'),
	(86,'你好啊84'),
	(87,'你好啊85'),
	(88,'你好啊86'),
	(89,'你好啊87'),
	(90,'你好啊88'),
	(91,'你好啊89'),
	(92,'你好啊90'),
	(93,'你好啊91'),
	(94,'你好啊92'),
	(95,'你好啊93'),
	(96,'你好啊94'),
	(97,'你好啊95'),
	(98,'你好啊96'),
	(99,'你好啊97'),
	(100,'你好啊98'),
	(101,'你好啊99'),
	(102,'你好啊0'),
	(103,'你好啊1'),
	(104,'你好啊2'),
	(105,'你好啊3'),
	(106,'你好啊4'),
	(107,'你好啊5'),
	(108,'你好啊6'),
	(109,'你好啊7'),
	(110,'你好啊8'),
	(111,'你好啊9'),
	(112,'你好啊10'),
	(113,'你好啊11'),
	(114,'你好啊12'),
	(115,'你好啊13'),
	(116,'你好啊14'),
	(117,'你好啊15'),
	(118,'你好啊16'),
	(119,'你好啊17'),
	(120,'你好啊18'),
	(121,'你好啊19'),
	(122,'你好啊20'),
	(123,'你好啊21'),
	(124,'你好啊22'),
	(125,'你好啊23'),
	(126,'你好啊24'),
	(127,'你好啊25'),
	(128,'你好啊26'),
	(129,'你好啊27'),
	(130,'你好啊28'),
	(131,'你好啊29'),
	(132,'你好啊30'),
	(133,'你好啊31'),
	(134,'你好啊32'),
	(135,'你好啊33'),
	(136,'你好啊34'),
	(137,'你好啊35'),
	(138,'你好啊36'),
	(139,'你好啊37'),
	(140,'你好啊38'),
	(141,'你好啊39'),
	(142,'你好啊40'),
	(143,'你好啊41'),
	(144,'你好啊42'),
	(145,'你好啊43'),
	(146,'你好啊44'),
	(147,'你好啊45'),
	(148,'你好啊46'),
	(149,'你好啊47'),
	(150,'你好啊48'),
	(151,'你好啊49'),
	(152,'你好啊50'),
	(153,'你好啊51'),
	(154,'你好啊52'),
	(155,'你好啊53'),
	(156,'你好啊54'),
	(157,'你好啊55'),
	(158,'你好啊56'),
	(159,'你好啊57'),
	(160,'你好啊58'),
	(161,'你好啊59'),
	(162,'你好啊60'),
	(163,'你好啊61'),
	(164,'你好啊62'),
	(165,'你好啊63'),
	(166,'你好啊64'),
	(167,'你好啊65'),
	(168,'你好啊66'),
	(169,'你好啊67'),
	(170,'你好啊68'),
	(171,'你好啊69'),
	(172,'你好啊70'),
	(173,'你好啊71'),
	(174,'你好啊72'),
	(175,'你好啊73'),
	(176,'你好啊74'),
	(177,'你好啊75'),
	(178,'你好啊76'),
	(179,'你好啊77'),
	(180,'你好啊78'),
	(181,'你好啊79'),
	(182,'你好啊80'),
	(183,'你好啊81'),
	(184,'你好啊82'),
	(185,'你好啊83'),
	(186,'你好啊84'),
	(187,'你好啊85'),
	(188,'你好啊86'),
	(189,'你好啊87'),
	(190,'你好啊88'),
	(191,'你好啊89'),
	(192,'你好啊90'),
	(193,'你好啊91'),
	(194,'你好啊92'),
	(195,'你好啊93'),
	(196,'你好啊94'),
	(197,'你好啊95'),
	(198,'你好啊96'),
	(199,'你好啊97'),
	(200,'你好啊98'),
	(201,'你好啊99'),
	(202,'你好啊0'),
	(203,'你好啊1'),
	(204,'你好啊2'),
	(205,'你好啊3'),
	(206,'你好啊4'),
	(207,'你好啊5'),
	(208,'你好啊6'),
	(209,'你好啊7'),
	(210,'你好啊8'),
	(211,'你好啊9'),
	(212,'你好啊10'),
	(213,'你好啊11'),
	(214,'你好啊12'),
	(215,'你好啊13'),
	(216,'你好啊14'),
	(217,'你好啊15'),
	(218,'你好啊16'),
	(219,'你好啊17'),
	(220,'你好啊18'),
	(221,'你好啊19'),
	(222,'你好啊20'),
	(223,'你好啊21'),
	(224,'你好啊22'),
	(225,'你好啊23'),
	(226,'你好啊24'),
	(227,'你好啊25'),
	(228,'你好啊26'),
	(229,'你好啊27'),
	(230,'你好啊28'),
	(231,'你好啊29'),
	(232,'你好啊30'),
	(233,'你好啊31'),
	(234,'你好啊32'),
	(235,'你好啊33'),
	(236,'你好啊34'),
	(237,'你好啊35'),
	(238,'你好啊36'),
	(239,'你好啊37'),
	(240,'你好啊38'),
	(241,'你好啊39'),
	(242,'你好啊40'),
	(243,'你好啊41'),
	(244,'你好啊42'),
	(245,'你好啊43'),
	(246,'你好啊44'),
	(247,'你好啊45'),
	(248,'你好啊46'),
	(249,'你好啊47'),
	(250,'你好啊48'),
	(251,'你好啊49'),
	(252,'你好啊50'),
	(253,'你好啊51'),
	(254,'你好啊52'),
	(255,'你好啊53'),
	(256,'你好啊54'),
	(257,'你好啊55'),
	(258,'你好啊56'),
	(259,'你好啊57'),
	(260,'你好啊58'),
	(261,'你好啊59'),
	(262,'你好啊60'),
	(263,'你好啊61'),
	(264,'你好啊62'),
	(265,'你好啊63'),
	(266,'你好啊64'),
	(267,'你好啊65'),
	(268,'你好啊66'),
	(269,'你好啊67'),
	(270,'你好啊68'),
	(271,'你好啊69'),
	(272,'你好啊70'),
	(273,'你好啊71'),
	(274,'你好啊72'),
	(275,'你好啊73'),
	(276,'你好啊74'),
	(277,'你好啊75'),
	(278,'你好啊76'),
	(279,'你好啊77'),
	(280,'你好啊78'),
	(281,'你好啊79'),
	(282,'你好啊80'),
	(283,'你好啊81'),
	(284,'你好啊82'),
	(285,'你好啊83'),
	(286,'你好啊84'),
	(287,'你好啊85'),
	(288,'你好啊86'),
	(289,'你好啊87'),
	(290,'你好啊88'),
	(291,'你好啊89'),
	(292,'你好啊90'),
	(293,'你好啊91'),
	(294,'你好啊92'),
	(295,'你好啊93'),
	(296,'你好啊94'),
	(297,'你好啊95'),
	(298,'你好啊96'),
	(299,'你好啊97'),
	(300,'你好啊98'),
	(301,'你好啊99'),
	(302,'你好啊0'),
	(303,'你好啊1'),
	(304,'你好啊2'),
	(305,'你好啊3'),
	(306,'你好啊4'),
	(307,'你好啊5'),
	(308,'你好啊6'),
	(309,'你好啊7'),
	(310,'你好啊8'),
	(311,'你好啊9'),
	(312,'你好啊10'),
	(313,'你好啊11'),
	(314,'你好啊12'),
	(315,'你好啊13'),
	(316,'你好啊14'),
	(317,'你好啊15'),
	(318,'你好啊16'),
	(319,'你好啊17'),
	(320,'你好啊18'),
	(321,'你好啊19'),
	(322,'你好啊20'),
	(323,'你好啊21'),
	(324,'你好啊22'),
	(325,'你好啊23'),
	(326,'你好啊24'),
	(327,'你好啊25'),
	(328,'你好啊26'),
	(329,'你好啊27'),
	(330,'你好啊28'),
	(331,'你好啊29'),
	(332,'你好啊30'),
	(333,'你好啊31'),
	(334,'你好啊32'),
	(335,'你好啊33'),
	(336,'你好啊34'),
	(337,'你好啊35'),
	(338,'你好啊36'),
	(339,'你好啊37'),
	(340,'你好啊38'),
	(341,'你好啊39'),
	(342,'你好啊40'),
	(343,'你好啊41'),
	(344,'你好啊42'),
	(345,'你好啊43'),
	(346,'你好啊44'),
	(347,'你好啊45'),
	(348,'你好啊46'),
	(349,'你好啊47'),
	(350,'你好啊48'),
	(351,'你好啊49'),
	(352,'你好啊50'),
	(353,'你好啊51'),
	(354,'你好啊52'),
	(355,'你好啊53'),
	(356,'你好啊54'),
	(357,'你好啊55'),
	(358,'你好啊56'),
	(359,'你好啊57'),
	(360,'你好啊58'),
	(361,'你好啊59'),
	(362,'你好啊60'),
	(363,'你好啊61'),
	(364,'你好啊62'),
	(365,'你好啊63'),
	(366,'你好啊64'),
	(367,'你好啊65'),
	(368,'你好啊66'),
	(369,'你好啊67'),
	(370,'你好啊68'),
	(371,'你好啊69'),
	(372,'你好啊70'),
	(373,'你好啊71'),
	(374,'你好啊72'),
	(375,'你好啊73'),
	(376,'你好啊74'),
	(377,'你好啊75'),
	(378,'你好啊76'),
	(379,'你好啊77'),
	(380,'你好啊78'),
	(381,'你好啊79'),
	(382,'你好啊80'),
	(383,'你好啊81'),
	(384,'你好啊82'),
	(385,'你好啊83'),
	(386,'你好啊84'),
	(387,'你好啊85'),
	(388,'你好啊86'),
	(389,'你好啊87'),
	(390,'你好啊88'),
	(391,'你好啊89'),
	(392,'你好啊90'),
	(393,'你好啊91'),
	(394,'你好啊92'),
	(395,'你好啊93'),
	(396,'你好啊94'),
	(397,'你好啊95'),
	(398,'你好啊96'),
	(399,'你好啊97'),
	(400,'你好啊98'),
	(401,'你好啊99'),
	(402,'你好啊0'),
	(403,'你好啊1'),
	(404,'你好啊2'),
	(405,'你好啊3'),
	(406,'你好啊4'),
	(407,'你好啊5'),
	(408,'你好啊6'),
	(409,'你好啊7'),
	(410,'你好啊8'),
	(411,'你好啊9'),
	(412,'你好啊10'),
	(413,'你好啊11'),
	(414,'你好啊12'),
	(415,'你好啊13'),
	(416,'你好啊14'),
	(417,'你好啊15'),
	(418,'你好啊16'),
	(419,'你好啊17'),
	(420,'你好啊18'),
	(421,'你好啊19'),
	(422,'你好啊20'),
	(423,'你好啊21'),
	(424,'你好啊22'),
	(425,'你好啊23'),
	(426,'你好啊24'),
	(427,'你好啊25'),
	(428,'你好啊26'),
	(429,'你好啊27'),
	(430,'你好啊28'),
	(431,'你好啊29'),
	(432,'你好啊30'),
	(433,'你好啊31'),
	(434,'你好啊32'),
	(435,'你好啊33'),
	(436,'你好啊34'),
	(437,'你好啊35'),
	(438,'你好啊36'),
	(439,'你好啊37'),
	(440,'你好啊38'),
	(441,'你好啊39'),
	(442,'你好啊40'),
	(443,'你好啊41'),
	(444,'你好啊42'),
	(445,'你好啊43'),
	(446,'你好啊44'),
	(447,'你好啊45'),
	(448,'你好啊46'),
	(449,'你好啊47'),
	(450,'你好啊48'),
	(451,'你好啊49'),
	(452,'你好啊50'),
	(453,'你好啊51'),
	(454,'你好啊52'),
	(455,'你好啊53'),
	(456,'你好啊54'),
	(457,'你好啊55'),
	(458,'你好啊56'),
	(459,'你好啊57'),
	(460,'你好啊58'),
	(461,'你好啊59'),
	(462,'你好啊60'),
	(463,'你好啊61'),
	(464,'你好啊62'),
	(465,'你好啊63'),
	(466,'你好啊64'),
	(467,'你好啊65'),
	(468,'你好啊66'),
	(469,'你好啊67'),
	(470,'你好啊68'),
	(471,'你好啊69'),
	(472,'你好啊70'),
	(473,'你好啊71'),
	(474,'你好啊72'),
	(475,'你好啊73'),
	(476,'你好啊74'),
	(477,'你好啊75'),
	(478,'你好啊76'),
	(479,'你好啊77'),
	(480,'你好啊78'),
	(481,'你好啊79'),
	(482,'你好啊80'),
	(483,'你好啊81'),
	(484,'你好啊82'),
	(485,'你好啊83'),
	(486,'你好啊84'),
	(487,'你好啊85'),
	(488,'你好啊86'),
	(489,'你好啊87'),
	(490,'你好啊88'),
	(491,'你好啊89'),
	(492,'你好啊90'),
	(493,'你好啊91'),
	(494,'你好啊92'),
	(495,'你好啊93'),
	(496,'你好啊94'),
	(497,'你好啊95'),
	(498,'你好啊96'),
	(499,'你好啊97'),
	(500,'你好啊98'),
	(501,'你好啊99'),
	(502,'张三'),
	(503,'张三2'),
	(504,'张三2'),
	(505,'张三2'),
	(506,'张三2'),
	(507,'张三2'),
	(508,'张三2'),
	(509,'张三2'),
	(510,'张三2'),
	(511,'张三2'),
	(512,'张三2'),
	(513,'张三2'),
	(514,'张三2'),
	(515,'张三2'),
	(516,'张三2'),
	(517,'张三2'),
	(518,'张三2'),
	(519,'张三2'),
	(520,'张三2'),
	(521,'张三2'),
	(522,'张三2'),
	(523,'张三2'),
	(524,'张三2'),
	(525,'张三2'),
	(526,'张三2'),
	(527,'张三2'),
	(528,'张三2');

/*!40000 ALTER TABLE `redisContent` ENABLE KEYS */;
UNLOCK TABLES;


# Dump of table t_permission
# ------------------------------------------------------------

DROP TABLE IF EXISTS `t_permission`;

CREATE TABLE `t_permission` (
  `id` int(11) NOT NULL AUTO_INCREMENT,
  `permissionName` varchar(50) DEFAULT NULL,
  `roleId` int(11) DEFAULT NULL,
  PRIMARY KEY (`id`),
  KEY `roleId` (`roleId`),
  CONSTRAINT `t_permission_ibfk_1` FOREIGN KEY (`roleId`) REFERENCES `t_role` (`id`)
) ENGINE=InnoDB DEFAULT CHARSET=utf8;

LOCK TABLES `t_permission` WRITE;
/*!40000 ALTER TABLE `t_permission` DISABLE KEYS */;

INSERT INTO `t_permission` (`id`, `permissionName`, `roleId`)
VALUES
	(1,'user:*',1),
	(2,'student:*',2);

/*!40000 ALTER TABLE `t_permission` ENABLE KEYS */;
UNLOCK TABLES;


# Dump of table t_role
# ------------------------------------------------------------

DROP TABLE IF EXISTS `t_role`;

CREATE TABLE `t_role` (
  `id` int(11) NOT NULL AUTO_INCREMENT,
  `roleName` varchar(20) DEFAULT NULL,
  PRIMARY KEY (`id`)
) ENGINE=InnoDB DEFAULT CHARSET=utf8;

LOCK TABLES `t_role` WRITE;
/*!40000 ALTER TABLE `t_role` DISABLE KEYS */;

INSERT INTO `t_role` (`id`, `roleName`)
VALUES
	(1,'admin'),
	(2,'teacher');

/*!40000 ALTER TABLE `t_role` ENABLE KEYS */;
UNLOCK TABLES;


# Dump of table t_user
# ------------------------------------------------------------

DROP TABLE IF EXISTS `t_user`;

CREATE TABLE `t_user` (
  `id` int(11) NOT NULL AUTO_INCREMENT,
  `userName` varchar(20) DEFAULT NULL,
  `password` varchar(100) DEFAULT NULL,
  `roleId` int(11) DEFAULT NULL,
  PRIMARY KEY (`id`),
  KEY `roleId` (`roleId`),
  CONSTRAINT `t_user_ibfk_1` FOREIGN KEY (`roleId`) REFERENCES `t_role` (`id`)
) ENGINE=InnoDB DEFAULT CHARSET=utf8;

LOCK TABLES `t_user` WRITE;
/*!40000 ALTER TABLE `t_user` DISABLE KEYS */;

INSERT INTO `t_user` (`id`, `userName`, `password`, `roleId`)
VALUES
	(1,'crossoverJie','123456',1),
	(2,'aaa','12345',2),
	(3,'bbb','12345',NULL),
	(4,'ccc','12345',NULL);

/*!40000 ALTER TABLE `t_user` ENABLE KEYS */;
UNLOCK TABLES;


# Dump of table user
# ------------------------------------------------------------

DROP TABLE IF EXISTS `user`;

CREATE TABLE `user` (
  `userId` int(11) NOT NULL AUTO_INCREMENT,
  `username` varchar(50) DEFAULT NULL,
  `password` varchar(100) DEFAULT NULL,
  `description` text,
  `roleId` int(11) DEFAULT NULL COMMENT '角色ID',
  PRIMARY KEY (`userId`)
) ENGINE=InnoDB DEFAULT CHARSET=utf8;

LOCK TABLES `user` WRITE;
/*!40000 ALTER TABLE `user` DISABLE KEYS */;

INSERT INTO `user` (`userId`, `username`, `password`, `description`, `roleId`)
VALUES
	(1,'jack','abc123','你的',NULL),
	(2,'zhangsan','abc123','打算打算',NULL),
	(3,'lisi','abc123','费大幅度',NULL),
	(4,'wangwu','abc123','放到的',NULL),
	(5,'xiaolong','abc123','发的发',NULL),
	(6,'艾弗森','abc123','阿伦·艾弗森1996年6月26日被费城76人队选中，成为NBA状元秀。艾弗森14年职业生涯先后效力过费城76人队、掘金、灰熊和活塞， 场均出战41.1分钟，获得26.7分、6.2次助攻和2.2次抢断。在整个职业生涯中，艾弗森四次荣膺得分王，11次入选全明星，三次荣膺抢断王。2000-2001赛季，艾弗森打出了生涯最好表现，夺得常规赛MVP奖杯，并帮助76队打入NBA总决赛。',NULL),
	(7,'库里','abc123','斯蒂芬·库里2009年通过选秀进入NBA后一直效力于勇士队，新秀赛季入选最佳新秀第一阵容；2014-15赛季随勇士队获得NBA总冠军；两次当选常规赛MVP，两次入选最佳阵容第一阵容，三次入选全明星赛西部首发阵容。斯蒂芬·库里2010年随美国队获土耳其世锦赛冠军，2014年随美国队获西班牙篮球世界杯冠军。',NULL),
	(8,'维斯布鲁克','1111','拉塞尔·威斯布鲁克于2008年通过选秀进入NBA，新秀赛季入选最佳新秀阵容第一阵容；2010年随美国队获得土耳其篮球世锦赛冠军，2012年随美国男篮获得伦敦奥运会冠军；5次入选全明星阵容，2015、2016连续两年获得全明星赛MVP；2015-16赛季入选最佳阵容第一阵容，4次入选最佳阵容第二阵容。',NULL),
	(9,'凯里·欧文','6666','凯里·欧文2011年以选秀状元身份进入NBA，新秀赛季当选最佳新秀；2014年首次入选全明星正赛先发阵容，并当选最有价值球员；同年代表美国队参加男篮世界杯，获得冠军并当选MVP；2014-15赛季入选最佳阵容第三阵容；2015-16赛季随骑士队获得NBA总冠军。',NULL),
	(10,'拉简·朗多','34343','拉简·朗多（Rajon Rondo ），男，1986年2月22日出生于美国肯塔基州路易斯维尔。美国职业篮球运动员，司职控球后卫，效力于NBA芝加哥公牛队。\r\n拉简·朗多在2006年NBA第一轮选秀中以第21顺位被菲尼克斯太阳队选中，随后被交易去了波士顿凯尔特人队，2014年正式成为凯尔特人队第15任队长。2014年12月19日，加入达拉斯小牛队。2015年7月4日，加入萨克拉门托国王队。',NULL),
	(11,'约翰·沃尔','wall','\r\n约翰·沃尔（John Wall），1990年9月6日出生于美国北卡罗来纳州罗利（Raleigh, North Carolina），美国职业篮球运动员，司职控球后卫，效力于NBA华盛顿奇才队。\r\n约翰·沃尔于2010年以选秀状元身份进入NBA，新秀赛季入选最佳新秀阵容第一阵容，2011年全明星新秀挑战赛当选MVP；2014-15赛季入选最佳防守阵容第二阵容；三次入选全明星阵容。\r\n\r\n约翰·沃尔（John Wall），1990年9月6日出生于美国北卡罗来纳州罗利（Raleigh, North Carolina），美国职业篮球运动员，司职控球后卫，效力于NBA华盛顿奇才队。\r\n约翰·沃尔于2010年以选秀状元身份进入NBA，新秀赛季入选最佳新秀阵容第一阵容，2011年全明星新秀挑战赛当选MVP；2014-15赛季入选最佳防守阵容第二阵容；三次入选全明星阵容。\r\n\r\n约翰·沃尔（John Wall），1990年9月6日出生于美国北卡罗来纳州罗利（Raleigh, North Carolina），美国职业篮球运动员，司职控球后卫，效力于NBA华盛顿奇才队。\r\n约翰·沃尔于2010年以选秀状元身份进入NBA，新秀赛季入选最佳新秀阵容第一阵容，2011年全明星新秀挑战赛当选MVP；2014-15赛季入选最佳防守阵容第二阵容；三次入选全明星阵容。',NULL),
	(12,'NBA','122324','美国职业篮球联赛（National Basketball Association，简称NBA，中文简称“美职篮”）于1946年6月6日在纽约成立，是由北美三十支队伍组成的男子职业篮球联盟，美国四大职业体育联盟之一。汇集了全世界最顶级的球员，是世界上水平最高的篮球赛事。[1] ',NULL);

/*!40000 ALTER TABLE `user` ENABLE KEYS */;
UNLOCK TABLES;



/*!40111 SET SQL_NOTES=@OLD_SQL_NOTES */;
/*!40101 SET SQL_MODE=@OLD_SQL_MODE */;
/*!40014 SET FOREIGN_KEY_CHECKS=@OLD_FOREIGN_KEY_CHECKS */;
/*!40101 SET CHARACTER_SET_CLIENT=@OLD_CHARACTER_SET_CLIENT */;
/*!40101 SET CHARACTER_SET_RESULTS=@OLD_CHARACTER_SET_RESULTS */;
/*!40101 SET COLLATION_CONNECTION=@OLD_COLLATION_CONNECTION */;
